<?xml version="1.0" encoding="UTF-8"?>
<metadata xml:lang="es"><Esri><CreaDate>20210122</CreaDate><CreaTime>14465500</CreaTime><SyncOnce>FALSE</SyncOnce><SyncDate>20200225</SyncDate><SyncTime>12252900</SyncTime><ModDate>20200225</ModDate><ModTime>12252900</ModTime><DataProperties><lineage><Process ToolSource="C:\Archivos de programa\ArcGIS\ArcToolbox\Toolboxes\Conversion Tools.tbx\FeatureClassToFeatureClass" Date="20100706" Time="073007">FeatureClassToFeatureClass G:\personals\anna\Carrers\revisio_cpnl\shp\eixunic_cr_final.shp "Database Connections\Post_reconciliar.sde\UMAT.Adreces" eixunic_cr_final # "OBJECTID 'OBJECTID' true true false 10 Double 0 10 ,First,#,G:\personals\anna\Carrers\revisio_cpnl\shp\eixunic_cr_final.shp,OBJECTID,-1,-1;CODIAJUNT 'CODIAJUNT' true true false 4 Text 0 0 ,First,#,G:\personals\anna\Carrers\revisio_cpnl\shp\eixunic_cr_final.shp,CODIAJUNT,-1,-1;FIRST_CODI 'FIRST_CODI' true true false 4 Text 0 0 ,First,#,G:\personals\anna\Carrers\revisio_cpnl\shp\eixunic_cr_final.shp,FIRST_CODI,-1,-1;FIRST_NOM_ 'FIRST_NOM_' true true false 50 Text 0 0 ,First,#,G:\personals\anna\Carrers\revisio_cpnl\shp\eixunic_cr_final.shp,FIRST_NOM_,-1,-1;FIRST_NOM1 'FIRST_NOM1' true true false 25 Text 0 0 ,First,#,G:\personals\anna\Carrers\revisio_cpnl\shp\eixunic_cr_final.shp,FIRST_NOM1,-1,-1;FIRST_CO_1 'FIRST_CO_1' true true false 2 Text 0 0 ,First,#,G:\personals\anna\Carrers\revisio_cpnl\shp\eixunic_cr_final.shp,FIRST_CO_1,-1,-1;FIRST_NO_1 'FIRST_NO_1' true true false 50 Text 0 0 ,First,#,G:\personals\anna\Carrers\revisio_cpnl\shp\eixunic_cr_final.shp,FIRST_NO_1,-1,-1;MIN_CODI_T 'MIN_CODI_T' true true false 50 Text 0 0 ,First,#,G:\personals\anna\Carrers\revisio_cpnl\shp\eixunic_cr_final.shp,MIN_CODI_T,-1,-1;MIN_NOM_CA 'MIN_NOM_CA' true true false 50 Text 0 0 ,First,#,G:\personals\anna\Carrers\revisio_cpnl\shp\eixunic_cr_final.shp,MIN_NOM_CA,-1,-1;MIN_NOM_CU 'MIN_NOM_CU' true true false 50 Text 0 0 ,First,#,G:\personals\anna\Carrers\revisio_cpnl\shp\eixunic_cr_final.shp,MIN_NOM_CU,-1,-1;MIN_NOM_PO 'MIN_NOM_PO' true true false 100 Text 0 0 ,First,#,G:\personals\anna\Carrers\revisio_cpnl\shp\eixunic_cr_final.shp,MIN_NOM_PO,-1,-1;METRES 'METRES' true true false 19 Double 8 18 ,First,#,G:\personals\anna\Carrers\revisio_cpnl\shp\eixunic_cr_final.shp,METRES,-1,-1;MINUTS 'MINUTS' true true false 19 Double 8 18 ,First,#,G:\personals\anna\Carrers\revisio_cpnl\shp\eixunic_cr_final.shp,MINUTS,-1,-1;DIRECCIO 'DIRECCIO' true true false 1 Text 0 0 ,First,#,G:\personals\anna\Carrers\revisio_cpnl\shp\eixunic_cr_final.shp,DIRECCIO,-1,-1;JERARQUIA 'JERARQUIA' true true false 10 Double 0 10 ,First,#,G:\personals\anna\Carrers\revisio_cpnl\shp\eixunic_cr_final.shp,JERARQUIA,-1,-1;ENABLED 'ENABLED' true true false 4 Short 0 4 ,First,#,G:\personals\anna\Carrers\revisio_cpnl\shp\eixunic_cr_final.shp,ENABLED,-1,-1;TIPUS 'TIPUS' true true false 50 Text 0 0 ,First,#,G:\personals\anna\Carrers\revisio_cpnl\shp\eixunic_cr_final.shp,TIPUS,-1,-1;SHAPE_LEN 'SHAPE_LEN' true true false 19 Double 0 0 ,First,#,G:\personals\anna\Carrers\revisio_cpnl\shp\eixunic_cr_final.shp,SHAPE_LEN,-1,-1;CODI_CAR 'CODI_CAR' true true false 254 Text 0 0 ,First,#,G:\personals\anna\Carrers\revisio_cpnl\shp\eixunic_cr_final.shp,CODI_CAR,-1,-1;NOM_APROVA 'NOM_APROVA' true true false 254 Text 0 0 ,First,#,G:\personals\anna\Carrers\revisio_cpnl\shp\eixunic_cr_final.shp,NOM_APROVA,-1,-1;TEXT_PLACA 'TEXT_PLACA' true true false 254 Text 0 0 ,First,#,G:\personals\anna\Carrers\revisio_cpnl\shp\eixunic_cr_final.shp,TEXT_PLACA,-1,-1;NOM_VARI_1 'NOM_VARI_1' true true false 254 Text 0 0 ,First,#,G:\personals\anna\Carrers\revisio_cpnl\shp\eixunic_cr_final.shp,NOM_VARI_1,-1,-1;NOM_CARRER 'NOM_CARRER' true true false 254 Text 0 0 ,First,#,G:\personals\anna\Carrers\revisio_cpnl\shp\eixunic_cr_final.shp,NOM_CARRER,-1,-1;NOM_INDEXA 'NOM_INDEXA' true true false 254 Text 0 0 ,First,#,G:\personals\anna\Carrers\revisio_cpnl\shp\eixunic_cr_final.shp,NOM_INDEXA,-1,-1;NOM_INDE_1 'NOM_INDE_1' true true false 254 Text 0 0 ,First,#,G:\personals\anna\Carrers\revisio_cpnl\shp\eixunic_cr_final.shp,NOM_INDE_1,-1,-1;NOM_LLISTA 'NOM_LLISTA' true true false 254 Text 0 0 ,First,#,G:\personals\anna\Carrers\revisio_cpnl\shp\eixunic_cr_final.shp,NOM_LLISTA,-1,-1;DATA_APROV 'DATA_APROV' true true false 254 Text 0 0 ,First,#,G:\personals\anna\Carrers\revisio_cpnl\shp\eixunic_cr_final.shp,DATA_APROV,-1,-1;SIAGI_NOM 'SIAGI_NOM' true true false 254 Text 0 0 ,First,#,G:\personals\anna\Carrers\revisio_cpnl\shp\eixunic_cr_final.shp,SIAGI_NOM,-1,-1;SIAGI_NO_1 'SIAGI_NO_1' true true false 254 Text 0 0 ,First,#,G:\personals\anna\Carrers\revisio_cpnl\shp\eixunic_cr_final.shp,SIAGI_NO_1,-1,-1;SIAGI_NO_2 'SIAGI_NO_2' true true false 254 Text 0 0 ,First,#,G:\personals\anna\Carrers\revisio_cpnl\shp\eixunic_cr_final.shp,SIAGI_NO_2,-1,-1;SIAGI_NO_3 'SIAGI_NO_3' true true false 254 Text 0 0 ,First,#,G:\personals\anna\Carrers\revisio_cpnl\shp\eixunic_cr_final.shp,SIAGI_NO_3,-1,-1;LONGITUD_N 'LONGITUD_N' true true false 16 Double 6 15 ,First,#,G:\personals\anna\Carrers\revisio_cpnl\shp\eixunic_cr_final.shp,LONGITUD_N,-1,-1;LONGITUD_1 'LONGITUD_1' true true false 16 Double 6 15 ,First,#,G:\personals\anna\Carrers\revisio_cpnl\shp\eixunic_cr_final.shp,LONGITUD_1,-1,-1;TIPUS_VIA 'TIPUS_VIA' true true false 254 Text 0 0 ,First,#,G:\personals\anna\Carrers\revisio_cpnl\shp\eixunic_cr_final.shp,TIPUS_VIA,-1,-1;PREP_ARTIC 'PREP_ARTIC' true true false 254 Text 0 0 ,First,#,G:\personals\anna\Carrers\revisio_cpnl\shp\eixunic_cr_final.shp,PREP_ARTIC,-1,-1;NOM_COMPLE 'NOM_COMPLE' true true false 100 Text 0 0 ,First,#,G:\personals\anna\Carrers\revisio_cpnl\shp\eixunic_cr_final.shp,NOM_COMPLE,-1,-1" # "Database Connections\Post_reconciliar.sde\UMAT.Adreces\UMAT.eixunic_cr_final"</Process><Process ToolSource="C:\Archivos de programa\ArcGIS\ArcToolbox\Toolboxes\Conversion Tools.tbx\FeatureClassToFeatureClass" Date="20110125" Time="071007">FeatureClassToFeatureClass "Database Connections\Post_reconciliar.sde\UMAT.Adreces\UMAT.eixunic_cr_final" "Database Connections\Post_reconciliar.sde\UMAT.Adreces" eixos_viaris_unic # "OBJECTID 'OBJECTID' true true false 8 Double 0 10 ,First,#,Database Connections\Post_reconciliar.sde\UMAT.Adreces\UMAT.eixunic_cr_final,OBJECTID,-1,-1;CODIAJUNT 'CODIAJUNT' true true false 4 Text 0 0 ,First,#,Database Connections\Post_reconciliar.sde\UMAT.Adreces\UMAT.eixunic_cr_final,CODIAJUNT,-1,-1;FIRST_CODI 'FIRST_CODI' true true false 4 Text 0 0 ,First,#,Database Connections\Post_reconciliar.sde\UMAT.Adreces\UMAT.eixunic_cr_final,FIRST_CODI,-1,-1;FIRST_NOM_ 'FIRST_NOM_' true true false 50 Text 0 0 ,First,#,Database Connections\Post_reconciliar.sde\UMAT.Adreces\UMAT.eixunic_cr_final,FIRST_NOM_,-1,-1;FIRST_NOM1 'FIRST_NOM1' true true false 25 Text 0 0 ,First,#,Database Connections\Post_reconciliar.sde\UMAT.Adreces\UMAT.eixunic_cr_final,FIRST_NOM1,-1,-1;FIRST_CO_1 'FIRST_CO_1' true true false 2 Text 0 0 ,First,#,Database Connections\Post_reconciliar.sde\UMAT.Adreces\UMAT.eixunic_cr_final,FIRST_CO_1,-1,-1;FIRST_NO_1 'FIRST_NO_1' true true false 50 Text 0 0 ,First,#,Database Connections\Post_reconciliar.sde\UMAT.Adreces\UMAT.eixunic_cr_final,FIRST_NO_1,-1,-1;MIN_CODI_T 'MIN_CODI_T' true true false 50 Text 0 0 ,First,#,Database Connections\Post_reconciliar.sde\UMAT.Adreces\UMAT.eixunic_cr_final,MIN_CODI_T,-1,-1;MIN_NOM_CA 'MIN_NOM_CA' true true false 50 Text 0 0 ,First,#,Database Connections\Post_reconciliar.sde\UMAT.Adreces\UMAT.eixunic_cr_final,MIN_NOM_CA,-1,-1;MIN_NOM_CU 'MIN_NOM_CU' true true false 50 Text 0 0 ,First,#,Database Connections\Post_reconciliar.sde\UMAT.Adreces\UMAT.eixunic_cr_final,MIN_NOM_CU,-1,-1;MIN_NOM_PO 'MIN_NOM_PO' true true false 100 Text 0 0 ,First,#,Database Connections\Post_reconciliar.sde\UMAT.Adreces\UMAT.eixunic_cr_final,MIN_NOM_PO,-1,-1;METRES 'METRES' true true false 8 Double 8 19 ,First,#,Database Connections\Post_reconciliar.sde\UMAT.Adreces\UMAT.eixunic_cr_final,METRES,-1,-1;MINUTS 'MINUTS' true true false 8 Double 8 19 ,First,#,Database Connections\Post_reconciliar.sde\UMAT.Adreces\UMAT.eixunic_cr_final,MINUTS,-1,-1;DIRECCIO 'DIRECCIO' true true false 1 Text 0 0 ,First,#,Database Connections\Post_reconciliar.sde\UMAT.Adreces\UMAT.eixunic_cr_final,DIRECCIO,-1,-1;JERARQUIA 'JERARQUIA' true true false 8 Double 0 10 ,First,#,Database Connections\Post_reconciliar.sde\UMAT.Adreces\UMAT.eixunic_cr_final,JERARQUIA,-1,-1;ENABLED 'ENABLED' true true false 2 Short 0 4 ,First,#,Database Connections\Post_reconciliar.sde\UMAT.Adreces\UMAT.eixunic_cr_final,ENABLED,-1,-1;TIPUS 'TIPUS' true true false 50 Text 0 0 ,First,#,Database Connections\Post_reconciliar.sde\UMAT.Adreces\UMAT.eixunic_cr_final,TIPUS,-1,-1;CODI_CAR 'CODI_CAR' true true false 254 Text 0 0 ,First,#,Database Connections\Post_reconciliar.sde\UMAT.Adreces\UMAT.eixunic_cr_final,CODI_CAR,-1,-1;NOM_APROVA 'NOM_APROVA' true true false 254 Text 0 0 ,First,#,Database Connections\Post_reconciliar.sde\UMAT.Adreces\UMAT.eixunic_cr_final,NOM_APROVA,-1,-1;TEXT_PLACA 'TEXT_PLACA' true true false 254 Text 0 0 ,First,#,Database Connections\Post_reconciliar.sde\UMAT.Adreces\UMAT.eixunic_cr_final,TEXT_PLACA,-1,-1;NOM_VARI_1 'NOM_VARI_1' true true false 254 Text 0 0 ,First,#,Database Connections\Post_reconciliar.sde\UMAT.Adreces\UMAT.eixunic_cr_final,NOM_VARI_1,-1,-1;NOM_CARRER 'NOM_CARRER' true true false 254 Text 0 0 ,First,#,Database Connections\Post_reconciliar.sde\UMAT.Adreces\UMAT.eixunic_cr_final,NOM_CARRER,-1,-1;NOM_INDEXA 'NOM_INDEXA' true true false 254 Text 0 0 ,First,#,Database Connections\Post_reconciliar.sde\UMAT.Adreces\UMAT.eixunic_cr_final,NOM_INDEXA,-1,-1;NOM_INDE_1 'NOM_INDE_1' true true false 254 Text 0 0 ,First,#,Database Connections\Post_reconciliar.sde\UMAT.Adreces\UMAT.eixunic_cr_final,NOM_INDE_1,-1,-1;NOM_LLISTA 'NOM_LLISTA' true true false 254 Text 0 0 ,First,#,Database Connections\Post_reconciliar.sde\UMAT.Adreces\UMAT.eixunic_cr_final,NOM_LLISTA,-1,-1;DATA_APROV 'DATA_APROV' true true false 254 Text 0 0 ,First,#,Database Connections\Post_reconciliar.sde\UMAT.Adreces\UMAT.eixunic_cr_final,DATA_APROV,-1,-1;SIAGI_NOM 'SIAGI_NOM' true true false 254 Text 0 0 ,First,#,Database Connections\Post_reconciliar.sde\UMAT.Adreces\UMAT.eixunic_cr_final,SIAGI_NOM,-1,-1;SIAGI_NO_1 'SIAGI_NO_1' true true false 254 Text 0 0 ,First,#,Database Connections\Post_reconciliar.sde\UMAT.Adreces\UMAT.eixunic_cr_final,SIAGI_NO_1,-1,-1;SIAGI_NO_2 'SIAGI_NO_2' true true false 254 Text 0 0 ,First,#,Database Connections\Post_reconciliar.sde\UMAT.Adreces\UMAT.eixunic_cr_final,SIAGI_NO_2,-1,-1;SIAGI_NO_3 'SIAGI_NO_3' true true false 254 Text 0 0 ,First,#,Database Connections\Post_reconciliar.sde\UMAT.Adreces\UMAT.eixunic_cr_final,SIAGI_NO_3,-1,-1;LONGITUD_N 'LONGITUD_N' true true false 8 Double 6 16 ,First,#,Database Connections\Post_reconciliar.sde\UMAT.Adreces\UMAT.eixunic_cr_final,LONGITUD_N,-1,-1;LONGITUD_1 'LONGITUD_1' true true false 8 Double 6 16 ,First,#,Database Connections\Post_reconciliar.sde\UMAT.Adreces\UMAT.eixunic_cr_final,LONGITUD_1,-1,-1;TIPUS_VIA 'TIPUS_VIA' true true false 254 Text 0 0 ,First,#,Database Connections\Post_reconciliar.sde\UMAT.Adreces\UMAT.eixunic_cr_final,TIPUS_VIA,-1,-1;PREP_ARTIC 'PREP_ARTIC' true true false 254 Text 0 0 ,First,#,Database Connections\Post_reconciliar.sde\UMAT.Adreces\UMAT.eixunic_cr_final,PREP_ARTIC,-1,-1;NOM_COMPLE 'NOM_COMPLE' true true false 100 Text 0 0 ,First,#,Database Connections\Post_reconciliar.sde\UMAT.Adreces\UMAT.eixunic_cr_final,NOM_COMPLE,-1,-1;SHAPE_LEN 'SHAPE_LEN' false false true 0 Double 0 0 ,First,#,Database Connections\Post_reconciliar.sde\UMAT.Adreces\UMAT.eixunic_cr_final,SHAPE.LEN,-1,-1" # "Database Connections\Post_reconciliar.sde\UMAT.Adreces\UMAT.eixos_viaris_unic"</Process><Process ToolSource="c:\program files (x86)\arcgis\desktop10.1\ArcToolbox\Toolboxes\Data Management Tools.tbx\ChangePrivileges" Date="20130208" Time="114328">ChangePrivileges 'Database Connections\umattabula - umat.sde/UMAT.eixos_viaris_unic' mediambient GRANT AS_IS</Process><Process ToolSource="c:\program files (x86)\arcgis\desktop10.1\ArcToolbox\Toolboxes\Data Management Tools.tbx\ChangePrivileges" Date="20130208" Time="115531">ChangePrivileges 'Database Connections\umattabula - umat.sde/UMAT.eixos_viaris_unic' mediambient GRANT AS_IS</Process><Process ToolSource="c:\program files (x86)\arcgis\desktop10.1\ArcToolbox\Toolboxes\Data Management Tools.tbx\ChangePrivileges" Date="20130208" Time="115953">ChangePrivileges 'Database Connections\umattabula - umat.sde/UMAT.eixos_viaris_unic' mediambient GRANT AS_IS</Process><Process ToolSource="c:\program files (x86)\arcgis\desktop10.1\ArcToolbox\Toolboxes\Data Management Tools.tbx\ChangePrivileges" Date="20130208" Time="120258">ChangePrivileges 'Database Connections\umattabula - umat.sde/UMAT.eixos_viaris_unic' mediambient GRANT AS_IS</Process><Process ToolSource="c:\program files (x86)\arcgis\desktop10.1\ArcToolbox\Toolboxes\Data Management Tools.tbx\ChangePrivileges" Date="20130208" Time="122740">ChangePrivileges 'Database Connections\umattabula - umat.sde/UMAT.eixos_viaris_unic' mediambient GRANT AS_IS</Process><Process ToolSource="c:\program files (x86)\arcgis\desktop10.1\ArcToolbox\Toolboxes\Data Management Tools.tbx\ChangePrivileges" Date="20130221" Time="132520">ChangePrivileges 'Database Connections\umattabula - umat.sde/UMAT.eixos_viaris_unic' mediambient GRANT AS_IS</Process><Process ToolSource="c:\program files (x86)\arcgis\desktop10.1\ArcToolbox\Toolboxes\Data Management Tools.tbx\ChangePrivileges" Date="20130221" Time="133321">ChangePrivileges 'Database Connections\MAPA - umat - default.sde/UMAT.eixos_viaris_unic' mediambient GRANT AS_IS</Process><Process ToolSource="c:\program files (x86)\arcgis\desktop10.1\ArcToolbox\Toolboxes\Data Management Tools.tbx\ChangePrivileges" Date="20130227" Time="101723">ChangePrivileges 'Database Connections\MAPA - umat - default.sde/UMAT.eixos_viaris_unic' mediambient GRANT AS_IS</Process><Process ToolSource="c:\program files (x86)\arcgis\desktop10.1\ArcToolbox\Toolboxes\Data Management Tools.tbx\ChangePrivileges" Date="20130724" Time="090945">ChangePrivileges 'Database Connections\MAPA - umat - default.sde/UMAT.eixos_viaris_unic' mediambient GRANT AS_IS</Process><Process ToolSource="c:\program files (x86)\arcgis\desktop10.1\ArcToolbox\Toolboxes\Data Management Tools.tbx\ChangePrivileges" Date="20130819" Time="085529">ChangePrivileges 'Database Connections\MAPA - umat - default.sde/UMAT.eixos_viaris_unic' mediambient GRANT AS_IS</Process><Process ToolSource="c:\program files (x86)\arcgis\desktop10.1\ArcToolbox\Toolboxes\Data Management Tools.tbx\ChangePrivileges" Date="20130821" Time="121312">ChangePrivileges 'Database Connections\MAPA - umat - default.sde/UMAT.eixos_viaris_unic' mediambient GRANT AS_IS</Process><Process ToolSource="c:\program files (x86)\arcgis\desktop10.1\ArcToolbox\Toolboxes\Data Management Tools.tbx\ChangePrivileges" Date="20130916" Time="131932">ChangePrivileges 'Database Connections\MAPA - umat - default.sde/UMAT.eixos_viaris_unic' mediambient GRANT AS_IS</Process><Process ToolSource="c:\program files (x86)\arcgis\desktop10.1\ArcToolbox\Toolboxes\Data Management Tools.tbx\ChangePrivileges" Date="20131113" Time="133230">ChangePrivileges 'Database Connections\MAPA - umat - default.sde/UMAT.eixos_viaris_unic' mediambient GRANT AS_IS</Process><Process ToolSource="c:\program files (x86)\arcgis\desktop10.1\ArcToolbox\Toolboxes\Data Management Tools.tbx\ChangePrivileges" Date="20131113" Time="133554">ChangePrivileges 'Database Connections\MAPA - umat - default.sde/UMAT.eixos_viaris_unic' mediambient GRANT AS_IS</Process><Process ToolSource="c:\program files (x86)\arcgis\desktop10.1\ArcToolbox\Toolboxes\Data Management Tools.tbx\ChangePrivileges" Date="20131113" Time="134026">ChangePrivileges 'Database Connections\MAPA - umat - default.sde/UMAT.eixos_viaris_unic' mediambient GRANT AS_IS</Process><Process ToolSource="c:\program files (x86)\arcgis\desktop10.1\ArcToolbox\Toolboxes\Data Management Tools.tbx\ChangePrivileges" Date="20131118" Time="092057">ChangePrivileges 'Database Connections\MAPA - umat - default.sde/UMAT.eixos_viaris_unic' mediambient GRANT AS_IS</Process><Process ToolSource="c:\program files (x86)\arcgis\desktop10.1\ArcToolbox\Toolboxes\Data Management Tools.tbx\ChangePrivileges" Date="20140207" Time="144317">ChangePrivileges 'Database Connections\MAPA - umat - default.sde/UMAT.eixos_viaris_unic' mobilitat GRANT AS_IS</Process><Process ToolSource="c:\program files (x86)\arcgis\desktop10.1\ArcToolbox\Toolboxes\Data Management Tools.tbx\ChangePrivileges" Date="20140207" Time="144521">ChangePrivileges 'Database Connections\MAPA - umat - default.sde/UMAT.eixos_viaris_unic' mobilitat GRANT AS_IS</Process><Process ToolSource="c:\program files (x86)\arcgis\desktop10.1\ArcToolbox\Toolboxes\Data Management Tools.tbx\ChangePrivileges" Date="20140207" Time="144706">ChangePrivileges 'Database Connections\MAPA - umat - default.sde/UMAT.eixos_viaris_unic' mobilitat GRANT AS_IS</Process><Process ToolSource="c:\program files (x86)\arcgis\desktop10.1\ArcToolbox\Toolboxes\Data Management Tools.tbx\Project" Date="20140507" Time="140310">Project "Database Connections/MAPA - umat - default.sde\UMAT.eixos_viaris_unic" "Database Connections\MAPA - umat - default.sde\UMAT.Adreces_etrs89\UMAT.eixos_viaris_unic_etrs89" PROJCS['ETRS_1989_UTM_Zone_31N',GEOGCS['GCS_ETRS_1989',DATUM['D_ETRS_1989',SPHEROID['GRS_1980',6378137.0,298.257222101]],PRIMEM['Greenwich',0.0],UNIT['Degree',0.0174532925199433]],PROJECTION['Transverse_Mercator'],PARAMETER['False_Easting',500000.0],PARAMETER['False_Northing',0.0],PARAMETER['Central_Meridian',3.0],PARAMETER['Scale_Factor',0.9996],PARAMETER['Latitude_Of_Origin',0.0],UNIT['Meter',1.0]] 'Girona 500' PROJCS['ED_1950_UTM_Zone_31N',GEOGCS['GCS_European_1950',DATUM['D_European_1950',SPHEROID['International_1924',6378388.0,297.0]],PRIMEM['Greenwich',0.0],UNIT['Degree',0.0174532925199433]],PROJECTION['Transverse_Mercator'],PARAMETER['False_Easting',500000.0],PARAMETER['False_Northing',0.0],PARAMETER['Central_Meridian',3.0],PARAMETER['Scale_Factor',0.9996],PARAMETER['Latitude_Of_Origin',0.0],UNIT['Meter',1.0]]</Process><Process ToolSource="c:\program files (x86)\arcgis\desktop10.1\ArcToolbox\Toolboxes\Data Management Tools.tbx\ChangePrivileges" Date="20140509" Time="130848">ChangePrivileges 'Database Connections\MAPA - umat - default.sde/UMAT.eixos_viaris_unic' mediambient GRANT AS_IS</Process><Process ToolSource="c:\program files (x86)\arcgis\desktop10.1\ArcToolbox\Toolboxes\Data Management Tools.tbx\ChangePrivileges" Date="20140602" Time="102727">ChangePrivileges 'Database Connections\MAPA - umat - default.sde/UMAT.eixos_viaris_unic' mobilitat GRANT AS_IS</Process><Process ToolSource="c:\program files (x86)\arcgis\desktop10.1\ArcToolbox\Toolboxes\Data Management Tools.tbx\ChangePrivileges" Date="20140602" Time="103043">ChangePrivileges 'Database Connections\MAPA - umat - default.sde/UMAT.eixos_viaris_unic' mobilitat GRANT AS_IS</Process><Process ToolSource="c:\program files (x86)\arcgis\desktop10.1\ArcToolbox\Toolboxes\Data Management Tools.tbx\ChangePrivileges" Date="20141103" Time="120038">ChangePrivileges 'Database Connections\MAPA - umat - default.sde/UMAT.eixos_viaris_unic' mobilitat GRANT AS_IS</Process><Process ToolSource="c:\program files (x86)\arcgis\desktop10.1\ArcToolbox\Toolboxes\Data Management Tools.tbx\ChangePrivileges" Date="20141104" Time="142151">ChangePrivileges 'Database Connections\MAPA - umat - default.sde/UMAT.eixos_viaris_unic' mobilitat GRANT AS_IS</Process><Process ToolSource="c:\program files (x86)\arcgis\desktop10.2\ArcToolbox\Toolboxes\Data Management Tools.tbx\ChangePrivileges" Date="20150109" Time="125708">ChangePrivileges 'Database Connections\MAPA - umat - default.sde/UMAT.eixos_viaris_unic' mobilitat GRANT AS_IS</Process><Process ToolSource="c:\program files (x86)\arcgis\desktop10.2\ArcToolbox\Toolboxes\Data Management Tools.tbx\ChangePrivileges" Date="20150119" Time="133813">ChangePrivileges 'Database Connections\MAPA - umat - default.sde/UMAT.eixos_viaris_unic' mobilitat GRANT AS_IS</Process><Process ToolSource="c:\program files (x86)\arcgis\desktop10.2\ArcToolbox\Toolboxes\Data Management Tools.tbx\ChangePrivileges" Date="20150601" Time="101242">ChangePrivileges 'Database Connections\MAPA - umat - default.sde/UMAT.eixos_viaris_unic' mediambient GRANT AS_IS</Process><Process ToolSource="c:\program files (x86)\arcgis\desktop10.3\ArcToolbox\Toolboxes\Data Management Tools.tbx\CalculateField" Date="20160613" Time="125803">CalculateField "Sòl urbà\UMAT.eixos_viaris_unic" NCARTO_CURT UCase( [NOM_CARRER] ) VB #</Process><Process ToolSource="c:\program files (x86)\arcgis\desktop10.5\ArcToolbox\Toolboxes\Conversion Tools.tbx\FeatureClassToFeatureClass" Date="20171030" Time="171250">FeatureClassToFeatureClass "Database Connections\MAPA - umatgdb - consulta default.sde\UMAT.Adreces\UMAT.eixos_viaris_unic" G:\OpenData\2017\EIXOS_VIARIS EIXOS.shp # "CODIAJUNT "CODIAJUNT" true true false 4 Text 0 0 ,First,#,Database Connections\MAPA - umatgdb - consulta default.sde\UMAT.Adreces\UMAT.eixos_viaris_unic,CODIAJUNT,-1,-1;NOM_CARRER "NOM_CARRER" true true false 254 Text 0 0 ,First,#,Database Connections\MAPA - umatgdb - consulta default.sde\UMAT.Adreces\UMAT.eixos_viaris_unic,NOM_CARRER,-1,-1;NOM_INDEXA "NOM_INDEXA" true true false 254 Text 0 0 ,First,#,Database Connections\MAPA - umatgdb - consulta default.sde\UMAT.Adreces\UMAT.eixos_viaris_unic,NOM_INDEXA,-1,-1;NOM_INDE_1 "NOM_INDE_1" true true false 254 Text 0 0 ,First,#,Database Connections\MAPA - umatgdb - consulta default.sde\UMAT.Adreces\UMAT.eixos_viaris_unic,NOM_INDE_1,-1,-1;TIPUS_VIA "TIPUS_VIA" true true false 254 Text 0 0 ,First,#,Database Connections\MAPA - umatgdb - consulta default.sde\UMAT.Adreces\UMAT.eixos_viaris_unic,TIPUS_VIA,-1,-1;PREP_ARTIC "PREP_ARTIC" true true false 254 Text 0 0 ,First,#,Database Connections\MAPA - umatgdb - consulta default.sde\UMAT.Adreces\UMAT.eixos_viaris_unic,PREP_ARTIC,-1,-1;NOM_COMPLE "NOM_COMPLE" true true false 100 Text 0 0 ,First,#,Database Connections\MAPA - umatgdb - consulta default.sde\UMAT.Adreces\UMAT.eixos_viaris_unic,NOM_COMPLE,-1,-1;URBA "URBA" true true false 50 Text 0 0 ,First,#,Database Connections\MAPA - umatgdb - consulta default.sde\UMAT.Adreces\UMAT.eixos_viaris_unic,URBA,-1,-1;TIP_VIA_CO "TIP_VIA_COMPLE" true true false 25 Text 0 0 ,First,#,Database Connections\MAPA - umatgdb - consulta default.sde\UMAT.Adreces\UMAT.eixos_viaris_unic,TIP_VIA_COMPLE,-1,-1;NOM_TIP_CO "NOM_TIP_COMPLE" true true false 150 Text 0 0 ,First,#,Database Connections\MAPA - umatgdb - consulta default.sde\UMAT.Adreces\UMAT.eixos_viaris_unic,NOM_TIP_COMPLE,-1,-1;NCARTO_CUR "NCARTO_CURT" true true false 100 Text 0 0 ,First,#,Database Connections\MAPA - umatgdb - consulta default.sde\UMAT.Adreces\UMAT.eixos_viaris_unic,NCARTO_CURT,-1,-1;SHAPE_LEN "SHAPE_LEN" false false true 0 Double 0 0 ,First,#,Database Connections\MAPA - umatgdb - consulta default.sde\UMAT.Adreces\UMAT.eixos_viaris_unic,SHAPE.LEN,-1,-1" #</Process><Process ToolSource="c:\program files (x86)\arcgis\desktop10.5\ArcToolbox\Toolboxes\Conversion Tools.tbx\FeatureClassToFeatureClass" Date="20200225" Time="121441">FeatureClassToFeatureClass G:\OpenData\Carrers\EIXOS.shp C:\dades\carto_ETRS89.mdb\carto_ETRS89 EIXOS_2020 # "CODIAJUNT "CODIAJUNT" true true false 4 Text 0 0 ,First,#,G:\OpenData\Carrers\EIXOS.shp,CODIAJUNT,-1,-1;NOM_CARRER "NOM_CARRER" true true false 254 Text 0 0 ,First,#,G:\OpenData\Carrers\EIXOS.shp,NOM_CARRER,-1,-1;TIPUS_VIA "TIPUS_VIA" true true false 254 Text 0 0 ,First,#,G:\OpenData\Carrers\EIXOS.shp,TIPUS_VIA,-1,-1;NOM_TIP_CO "NOM_TIP_CO" true true false 150 Text 0 0 ,First,#,G:\OpenData\Carrers\EIXOS.shp,NOM_TIP_CO,-1,-1;SHAPE_LEN "SHAPE_LEN" true true false 19 Double 0 0 ,First,#,G:\OpenData\Carrers\EIXOS.shp,SHAPE_LEN,-1,-1" #</Process></lineage><itemProps><itemLocation><linkage Sync="TRUE">file://\\ajgirona.org\shares\umat\OpenData\Carrers\gener_2021\EIXOS</linkage><protocol Sync="TRUE">Local Area Network</protocol></itemLocation><itemName Sync="TRUE">EIXOS_2020</itemName><imsContentType Sync="TRUE">002</imsContentType><nativeExtBox><westBL Sync="TRUE">481621.104400</westBL><eastBL Sync="TRUE">491687.287300</eastBL><southBL Sync="TRUE">4642590.980900</southBL><northBL Sync="TRUE">4654415.853800</northBL><exTypeCode Sync="TRUE">1</exTypeCode></nativeExtBox><itemSize Sync="TRUE">0.000</itemSize></itemProps><coordRef><type Sync="TRUE">Projected</type><geogcsn Sync="TRUE">GCS_ETRS_1989</geogcsn><csUnits Sync="TRUE">Linear Unit: Meter (1.000000)</csUnits><projcsn Sync="TRUE">ETRS_1989_UTM_Zone_31N</projcsn><peXml Sync="TRUE">&lt;ProjectedCoordinateSystem xsi:type='typens:ProjectedCoordinateSystem' xmlns:xsi='http://www.w3.org/2001/XMLSchema-instance' xmlns:xs='http://www.w3.org/2001/XMLSchema' xmlns:typens='http://www.esri.com/schemas/ArcGIS/10.5'&gt;&lt;WKT&gt;PROJCS[&amp;quot;ETRS_1989_UTM_Zone_31N&amp;quot;,GEOGCS[&amp;quot;GCS_ETRS_1989&amp;quot;,DATUM[&amp;quot;D_ETRS_1989&amp;quot;,SPHEROID[&amp;quot;GRS_1980&amp;quot;,6378137.0,298.257222101]],PRIMEM[&amp;quot;Greenwich&amp;quot;,0.0],UNIT[&amp;quot;Degree&amp;quot;,0.0174532925199433]],PROJECTION[&amp;quot;Transverse_Mercator&amp;quot;],PARAMETER[&amp;quot;False_Easting&amp;quot;,500000.0],PARAMETER[&amp;quot;False_Northing&amp;quot;,0.0],PARAMETER[&amp;quot;Central_Meridian&amp;quot;,3.0],PARAMETER[&amp;quot;Scale_Factor&amp;quot;,0.9996],PARAMETER[&amp;quot;Latitude_Of_Origin&amp;quot;,0.0],UNIT[&amp;quot;Meter&amp;quot;,1.0],AUTHORITY[&amp;quot;EPSG&amp;quot;,25831]]&lt;/WKT&gt;&lt;XOrigin&gt;-5120900&lt;/XOrigin&gt;&lt;YOrigin&gt;-9998100&lt;/YOrigin&gt;&lt;XYScale&gt;450445547.3910538&lt;/XYScale&gt;&lt;ZOrigin&gt;-100000&lt;/ZOrigin&gt;&lt;ZScale&gt;10000&lt;/ZScale&gt;&lt;MOrigin&gt;-100000&lt;/MOrigin&gt;&lt;MScale&gt;10000&lt;/MScale&gt;&lt;XYTolerance&gt;0.001&lt;/XYTolerance&gt;&lt;ZTolerance&gt;0.001&lt;/ZTolerance&gt;&lt;MTolerance&gt;0.001&lt;/MTolerance&gt;&lt;HighPrecision&gt;true&lt;/HighPrecision&gt;&lt;WKID&gt;25831&lt;/WKID&gt;&lt;LatestWKID&gt;25831&lt;/LatestWKID&gt;&lt;/ProjectedCoordinateSystem&gt;</peXml></coordRef><copyHistory><copy source="G:\OpenData\Carrers\octubre 2020\EIXOS" dest="\\ajgirona.org\shares\umat\OpenData\Carrers\gener_2021\EIXOS" date="20210122" time="14465500"></copy></copyHistory></DataProperties><ArcGISFormat>1.0</ArcGISFormat><ArcGISstyle>ISO 19139 Metadata Implementation Specification</ArcGISstyle></Esri><idinfo><native Sync="TRUE">Microsoft Windows XP Version 5.1 (Build 2600) Service Pack 3; ESRI ArcCatalog 9.3.1.3500</native><descript><langdata Sync="TRUE">es</langdata><abstract>REQUIRED: A brief narrative summary of the data set.</abstract><purpose>REQUIRED: A summary of the intentions with which the data set was developed.</purpose></descript><citation><citeinfo><origin>REQUIRED: The name of an organization or individual that developed the data set.</origin><pubdate>REQUIRED: The date when the data set is published or otherwise made available for release.</pubdate><title Sync="TRUE">UMAT.eixos_viaris_unic</title><ftname Sync="TRUE">UMAT.eixos_viaris_unic</ftname><geoform Sync="TRUE">vector digital data</geoform><onlink Sync="TRUE">Server=terra; Service=5151; User=umat; Version=SDE.DEFAULT</onlink></citeinfo></citation><timeperd><current>REQUIRED: The basis on which the time period of content information is determined.</current><timeinfo><sngdate><caldate>REQUIRED: The year (and optionally month, or month and day) for which the data set corresponds to the ground.</caldate></sngdate></timeinfo></timeperd><status><progress>REQUIRED: The state of the data set.</progress><update>REQUIRED: The frequency with which changes and additions are made to the data set after the initial data set is completed.</update></status><spdom><bounding><westbc Sync="TRUE">REQUIRED: Western-most coordinate of the limit of coverage expressed in longitude.</westbc><eastbc Sync="TRUE">REQUIRED: Eastern-most coordinate of the limit of coverage expressed in longitude.</eastbc><northbc Sync="TRUE">REQUIRED: Northern-most coordinate of the limit of coverage expressed in latitude.</northbc><southbc Sync="TRUE">REQUIRED: Southern-most coordinate of the limit of coverage expressed in latitude.</southbc></bounding></spdom><keywords><theme><themekt>REQUIRED: Reference to a formally registered thesaurus or a similar authoritative source of theme keywords.</themekt><themekey>REQUIRED: Common-use word or phrase used to describe the subject of the data set.</themekey></theme></keywords><accconst>REQUIRED: Restrictions and legal prerequisites for accessing the data set.</accconst><useconst>REQUIRED: Restrictions and legal prerequisites for using the data set after access is granted.</useconst><natvform Sync="TRUE">SDE Feature Class</natvform></idinfo><dataIdInfo><envirDesc Sync="TRUE">Microsoft Windows 7 Version 6.1 (Build 7601) Service Pack 1; Esri ArcGIS 10.5.1.7333</envirDesc><dataLang><languageCode Sync="TRUE" value="spa"></languageCode><countryCode value="ESP" Sync="TRUE"></countryCode></dataLang><idCitation><resTitle Sync="TRUE">EIXOS_2020</resTitle><presForm><PresFormCd Sync="TRUE" value="005"></PresFormCd></presForm></idCitation><spatRpType><SpatRepTypCd Sync="TRUE" value="001"></SpatRepTypCd></spatRpType><dataExt><geoEle><GeoBndBox esriExtentType="search"><exTypeCode Sync="TRUE">1</exTypeCode><westBL Sync="TRUE">2.777935</westBL><eastBL Sync="TRUE">2.899728</eastBL><northBL Sync="TRUE">42.041743</northBL><southBL Sync="TRUE">41.935071</southBL></GeoBndBox></geoEle></dataExt></dataIdInfo><metainfo><langmeta Sync="TRUE">es</langmeta><metstdn Sync="TRUE">FGDC Content Standards for Digital Geospatial Metadata</metstdn><metstdv Sync="TRUE">FGDC-STD-001-1998</metstdv><mettc Sync="TRUE">local time</mettc><metc><cntinfo><cntorgp><cntper>REQUIRED: The person responsible for the metadata information.</cntper><cntorg>REQUIRED: The organization responsible for the metadata information.</cntorg></cntorgp><cntaddr><addrtype>REQUIRED: The mailing and/or physical address for the organization or individual.</addrtype><city>REQUIRED: The city of the address.</city><state>REQUIRED: The state or province of the address.</state><postal>REQUIRED: The ZIP or other postal code of the address.</postal></cntaddr><cntvoice>REQUIRED: The telephone number by which individuals can speak to the organization or individual.</cntvoice></cntinfo></metc><metd Sync="TRUE">20110125</metd></metainfo><mdLang><languageCode Sync="TRUE" value="spa"></languageCode><countryCode value="ESP" Sync="TRUE"></countryCode></mdLang><mdStanName Sync="TRUE">ISO 19115 Geographic Information - Metadata</mdStanName><mdStanVer Sync="TRUE">DIS_ESRI1.0</mdStanVer><mdChar><CharSetCd Sync="TRUE" value="004"></CharSetCd></mdChar><mdHrLv><ScopeCd Sync="TRUE" value="005"></ScopeCd></mdHrLv><mdHrLvName Sync="TRUE">dataset</mdHrLvName><distinfo><resdesc Sync="TRUE">Downloadable Data</resdesc></distinfo><distInfo><distributor><distorTran><onLineSrc><orDesc Sync="TRUE">002</orDesc><linkage Sync="TRUE">Server=terra; Service=5151; User=umat; Version=SDE.DEFAULT</linkage><protocol Sync="TRUE">ArcSDE Connection</protocol></onLineSrc></distorTran><distorFormat><formatName Sync="TRUE">SDE Feature Class</formatName></distorFormat></distributor><distFormat><formatName Sync="TRUE">Shapefile</formatName></distFormat><distTranOps><transSize Sync="TRUE">0.000</transSize></distTranOps></distInfo><spdoinfo><direct Sync="TRUE">Vector</direct><ptvctinf><esriterm Name="EIXOS_2020"><efeatyp Sync="TRUE">Simple</efeatyp><efeageom code="3" Sync="TRUE"></efeageom><esritopo Sync="TRUE">FALSE</esritopo><efeacnt Sync="TRUE">0</efeacnt><spindex Sync="TRUE">FALSE</spindex><linrefer Sync="TRUE">TRUE</linrefer></esriterm></ptvctinf></spdoinfo><spref><horizsys><cordsysn><geogcsn Sync="TRUE">GCS_European_1950</geogcsn><projcsn Sync="TRUE">ED_1950_UTM_Zone_31N</projcsn></cordsysn><planar><planci><plance Sync="TRUE">coordinate pair</plance><plandu Sync="TRUE">meters</plandu><coordrep><absres Sync="TRUE">0.000092</absres><ordres Sync="TRUE">0.000092</ordres></coordrep></planci></planar><geodetic><horizdn Sync="TRUE">D_European_1950</horizdn><ellips Sync="TRUE">International_1924</ellips><semiaxis Sync="TRUE">6378388.000000</semiaxis><denflat Sync="TRUE">297.000000</denflat></geodetic></horizsys><vertdef><altsys><altenc Sync="TRUE">Explicit elevation coordinate included with horizontal coordinates</altenc><altres Sync="TRUE">1.000000</altres></altsys></vertdef></spref><refSysInfo><RefSystem><refSysID><identCode Sync="TRUE" code="25831">ED_1950_UTM_Zone_31N</identCode><idCodeSpace Sync="TRUE">EPSG</idCodeSpace><idVersion Sync="TRUE">5.1(4.0.0)</idVersion></refSysID></RefSystem></refSysInfo><spatRepInfo><VectSpatRep><geometObjs Name="EIXOS_2020"><geoObjTyp><GeoObjTypCd value="002" Sync="TRUE"></GeoObjTypCd></geoObjTyp><geoObjCnt Sync="TRUE">0</geoObjCnt></geometObjs><topLvl><TopoLevCd value="001" Sync="TRUE"></TopoLevCd></topLvl></VectSpatRep></spatRepInfo><eainfo><detailed Name="EIXOS_2020"><enttyp><enttypl Sync="TRUE">EIXOS_2020</enttypl><enttypt Sync="TRUE">Feature Class</enttypt><enttypc Sync="TRUE">0</enttypc></enttyp><attr><attrlabl Sync="TRUE">FID</attrlabl><attalias Sync="TRUE">FID</attalias><attrtype Sync="TRUE">OID</attrtype><attwidth Sync="TRUE">4</attwidth><atprecis Sync="TRUE">0</atprecis><attscale Sync="TRUE">0</attscale><attrdef Sync="TRUE">Internal feature number.</attrdef><attrdefs Sync="TRUE">Esri</attrdefs><attrdomv><udom Sync="TRUE">Sequential unique whole numbers that are automatically generated.</udom></attrdomv></attr><attr><attrlabl Sync="TRUE">CODIAJUNT</attrlabl><attalias Sync="TRUE">CODIAJUNT</attalias><attrtype Sync="TRUE">String</attrtype><attwidth Sync="TRUE">4</attwidth><atprecis Sync="TRUE">0</atprecis><attscale Sync="TRUE">0</attscale></attr><attr><attrlabl Sync="TRUE">NOM_CARRER</attrlabl><attalias Sync="TRUE">NOM_CARRER</attalias><attrtype Sync="TRUE">String</attrtype><attwidth Sync="TRUE">254</attwidth><atprecis Sync="TRUE">0</atprecis><attscale Sync="TRUE">0</attscale></attr><attr><attrlabl Sync="TRUE">TIPUS_VIA</attrlabl><attalias Sync="TRUE">TIPUS_VIA</attalias><attrtype Sync="TRUE">String</attrtype><attwidth Sync="TRUE">254</attwidth><atprecis Sync="TRUE">0</atprecis><attscale Sync="TRUE">0</attscale></attr><attr><attrlabl Sync="TRUE">SHAPE</attrlabl><attalias Sync="TRUE">Shape</attalias><attrtype Sync="TRUE">Geometry</attrtype><attwidth Sync="TRUE">0</attwidth><atprecis Sync="TRUE">0</atprecis><attscale Sync="TRUE">0</attscale><attrdef Sync="TRUE">Feature geometry.</attrdef><attrdefs Sync="TRUE">ESRI</attrdefs><attrdomv><udom Sync="TRUE">Coordinates defining the features.</udom></attrdomv></attr><attr><attrlabl Sync="TRUE">NOM_TIP_CO</attrlabl><attalias Sync="TRUE">NOM_TIP_CO</attalias><attrtype Sync="TRUE">String</attrtype><attwidth Sync="TRUE">150</attwidth><atprecis Sync="TRUE">0</atprecis><attscale Sync="TRUE">0</attscale></attr><attr><attrlabl Sync="TRUE">Shape_Leng</attrlabl><attalias Sync="TRUE">Shape_Leng</attalias><attrtype Sync="TRUE">Double</attrtype><attwidth Sync="TRUE">19</attwidth><atprecis Sync="TRUE">0</atprecis><attscale Sync="TRUE">0</attscale></attr></detailed></eainfo><mdDateSt Sync="TRUE">20200225</mdDateSt></metadata>
